code,system
10469020,multilex
337021,multilex
589021,multilex
709021,multilex
711021,multilex
713021,multilex
73441020,multilex
78912020,multilex
81015020,multilex
83397020,multilex
83398020,multilex
83403020,multilex
83404020,multilex
84528020,multilex
88666020,multilex
88668020,multilex
94971020,multilex
94973020,multilex
13768020,multilex
82616020,multilex
209021,multilex
33610020,multilex
35008020,multilex
35010020,multilex
3580020,multilex
411021,multilex
42176020,multilex
447021,multilex
72580020,multilex
78753020,multilex
81008020,multilex
81014020,multilex
85203020,multilex
85212020,multilex
86494020,multilex
88167020,multilex
89950020,multilex
99745020,multilex
341021,multilex
36328020,multilex
65788020,multilex
68217020,multilex
85207020,multilex
85216020,multilex
85992020,multilex
94787020,multilex
95787020,multilex
98873020,multilex
98875020,multilex
36905020,multilex
49490020,multilex
49437020,multilex
49438020,multilex
49439020,multilex
73798020,multilex
73799020,multilex
73800020,multilex
49489020,multilex
49491020,multilex
53727020,multilex
53728020,multilex
53729020,multilex
74841020,multilex
79476020,multilex
81543020,multilex
92717020,multilex
92721020,multilex
50780020,multilex
50781020,multilex
50782020,multilex
55209020,multilex
55210020,multilex
55972020,multilex
59434020,multilex
725021,multilex
58203020,multilex
83399020,multilex
68222020,multilex
715021,multilex
717021,multilex
80139020,multilex
81016020,multilex
81945020,multilex
83405020,multilex
85204020,multilex
97203020,multilex
97205020,multilex
68224020,multilex
69302020,multilex
729021,multilex
731021,multilex
85206020,multilex
85215020,multilex
85993020,multilex
90165020,multilex
92053020,multilex
92055020,multilex
95789020,multilex
719021,multilex
727021,multilex
733021,multilex
723021,multilex
72576020,multilex
72577020,multilex
72581020,multilex
97145020,multilex
97149020,multilex
97153020,multilex
73439020,multilex
73440020,multilex
73474020,multilex
73475020,multilex
74786020,multilex
74927020,multilex
77749020,multilex
77912020,multilex
88875020,multilex
77501020,multilex
81545020,multilex
88877020,multilex
92723020,multilex
92725020,multilex
77550020,multilex
86496020,multilex
78913020,multilex
79499020,multilex
90167020,multilex
79348020,multilex
80154020,multilex
85999020,multilex
86000020,multilex
82827020,multilex
82828020,multilex
82829020,multilex
82831020,multilex
82835020,multilex
82836020,multilex
82837020,multilex
85202020,multilex
85213020,multilex
85994020,multilex
86001020,multilex
94793020,multilex
95793020,multilex
87045020,multilex
87047020,multilex
87948020,multilex
87954020,multilex
94791020,multilex
95791020,multilex
87556020,multilex
87558020,multilex
87944020,multilex
87946020,multilex
91139020,multilex
91141020,multilex
91143020,multilex
87950020,multilex
87952020,multilex
91145020,multilex
91147020,multilex
91149020,multilex
88169020,multilex
97147020,multilex
97151020,multilex
97155020,multilex
88804020,multilex
88806020,multilex
93739020,multilex
93741020,multilex
93743020,multilex
93747020,multilex
94789020,multilex